v2_Ad1.01	TAGATCGC
v2_Ad1.02	CTCTCTAT
v2_Ad1.03	TATCCTCT
v2_Ad1.04	AGAGTAGA
v2_Ad1.05	GTAAGGAG
v2_Ad1.06	ACTGCATA
v2_Ad1.07	AAGGAGTA
v2_Ad1.08	CTAAGCCT
v2_Ad1.09	TGGAAATC
v2_Ad1.10	AACATGAT
v2_Ad1.11	TGATGAAA
v2_Ad1.12	GTCGGACT
v2_Ad1.13	TTTCTAGC
v2_Ad1.14	TAACCAAG
v2_Ad1.15	GTGTATCG
v2_Ad1.16	TCCATCAA
v2_Ad1.17	TTCGTGCA
v2_Ad1.18	AGGTTGCC
v2_Ad1.19	CCTTATGT
v2_Ad1.20	CAGCAACG
v2_Ad1.21	GGTTCAAT
v2_Ad1.22	ACATTCGT
v2_Ad1.23	GATTCCCA
v2_Ad1.24	CGGACTGC
v2_Ad1.25	AGCCGTTC
v2_Ad1.26	ATTGGGTC
v2_Ad1.27	TGCATACT
v2_Ad1.28	GGGCTTGG
v2_Ad1.29	GACGTGGC
v2_Ad1.30	GCAAATTT
v2_Ad1.31	GCAGCCTC
v2_Ad1.32	TCCGAGTT
v2_Ad1.33	GCATTAAG
v2_Ad1.34	ACGATAAC
v2_Ad1.35	CCTGCGGG
v2_Ad1.36	TGATTGTT
v2_Ad1.37	GGCACGGA
v2_Ad1.38	GATCATTC
v2_Ad1.39	ATGGTCAT
v2_Ad1.40	CGTACCAA
v2_Ad1.41	CCAGTTTA
v2_Ad1.42	ACCGGCCC
v2_Ad1.43	CTAGAAGT
v2_Ad1.44	CGCCAGAT
v2_Ad1.45	TCACATGG
v2_Ad1.46	GAACTCGA
v2_Ad1.47	CCACCGTT
v2_Ad1.48	TAAGTTAC
v2_Ad1.49	GAGACGTG
v2_Ad1.50	TTGCCTAA
v2_Ad1.51	TTAACTTG
v2_Ad1.52	CTTTAACA
v2_Ad1.53	CGTAGACC
v2_Ad1.54	TATTTGCG
v2_Ad1.55	ATCCAGGA
v2_Ad1.56	TGTTCCTG
v2_Ad1.57	ACGCGCAG
v2_Ad1.58	TCTGGCGA
v2_Ad1.59	AATCTACA
v2_Ad1.60	TACTGACC
v2_Ad1.61	CGATAGGG
v2_Ad1.62	ACTTAGAA
v2_Ad1.63	AGAGATCT
v2_Ad1.64	GGTGAAGG
v2_Ad1.65	ATCGAATG
v2_Ad1.66	TCAAGAGC
v2_Ad1.67	GCCCACGT
v2_Ad1.68	TGGGCGGT
v2_Ad1.69	CCCTTGGA
v2_Ad1.70	ATTACCGT
v2_Ad1.71	AGTCCGAG
v2_Ad1.72	ACTTGTTG
v2_Ad1.73	GTAATACA
v2_Ad1.74	GGCGTCTA
v2_Ad1.75	GCGCTGCT
v2_Ad1.76	GTGCCATT
v2_Ad1.77	TAGGTATG
v2_Ad1.78	AACACCTA
v2_Ad1.79	CTCCGAAC
v2_Ad1.80	CAACGGCA
v2_Ad1.81	CAATGTAG
v2_Ad1.82	GGCTACCC
v2_Ad1.83	AAAGTCCG
v2_Ad1.84	TTCCGCGG
v2_Ad1.85	AGGCACTT
v2_Ad1.86	CTTCAGTG
v2_Ad1.87	GCCGGTAG
v2_Ad1.88	TTCAATCC
v2_Ad1.89	CCACACAC
v2_Ad1.90	ATATTATC
v2_Ad1.91	CCGAAGCA
v2_Ad1.92	GTATCGGT